registration_dttm,id,first_name,last_name,email,gender,ip_address,cc,country,birthdate,salary,title,comments
2016-02-03T07:55:29Z,1,Amanda,Jordan,ajordan0@xxx.com,Female,1.197.201.2,6759521864920116,Indonesia,3/8/1971,49756.53,Internal Auditor,1E+02
2016-02-03T17:04:03Z,2,Albert,Freeman,afreeman1@xxx.gd,Male,218.111.175.34,,Canada,1/16/1968,150280.17,Accountant IV,
2016-02-03T01:09:31Z,3,Evelyn,Morgan,emorgan2@xx.org,Female,7.161.136.94,6767119071901597,Russia,2/1/1960,144972.51,Structural Engineer,
2016-02-03T12:36:21Z,4,Denise,Riley,driley3@xx.org,Female,140.35.109.83,3576031598965625,China,4/8/1997,90263.05,Senior Cost Accountant,
2016-02-03T05:05:31Z,5,Carlos,Burns,cburns4@xx.gov.cn,,169.113.235.40,5602256255204850,South Africa,,,,
2016-02-03T07:22:34Z,6,Kathryn,White,kwhite5@xx.com,Transgender,195.131.81.179,3583136326049310,Indonesia,2/25/1983,69227.11,Account Executive,
2016-02-03T08:33:08Z,7,Samuel,Holmes,sholmes6@xx.com,Unknown,232.234.81.197,3582641366974690,Portugal,12/18/1987,14247.62,Senior Financial Analyst,
2016-02-03T06:47:06Z,8,Harry,Howell,hhowell7@xx.com,Secret,91.235.51.73,,Bosnia and Herzegovina,3/1/1962,186469.43,Web Developer IV,
2016-02-03T03:52:53Z,9,Jose,Foster,jfoster8@xx.com,Obvious,132.31.53.61,,South Korea,3/27/1992,231067.84,Software Test Engineer I,1E+02
2016-02-03T18:29:47Z,10,Emily,Stewart,estewart9@xx.org,Female,143.28.251.245,3574254110301671,Nigeria,1/28/1997,27234.28,Health Coach IV,
2016-02-03T12:10:42Z,11,Susan,Perkins,sperkinsa@xx.com,Female,180.85.0.62,3573823609854134,Russia,,210001.95,,
2016-02-03T18:04:34Z,12,Alice,Berry,aberryb at wikipedia.org,Female,246.225.12.189,4917830851454417,China,8/12/1968,22944.53,Quality Engineer,
2016-02-03T18:48:17Z,13,Justin,Berry,jberryc,Male,157.7.146.43,6331109912871813274,Zambia,8/15/1975,44165.46,Structural Analysis Engineer,
2016-02-03T21:46:52Z,14,Kathy,Reynolds,Unknown,Female,81.254.172.13,5537178462965976,Bosnia and Herzegovina,6/27/1970,286592.99,Librarian,
2016-02-03T08:53:23Z,15,Dorothy,Hudson,dhudsone@xx.com,Female,8.59.7.0,3542586858224170,Japan,12/20/1989,157099.71,Nurse Practicioner,<script>alert('hi')</script>
2016-02-03T00:44:01Z,16,Bruce,Willis,bwillisf@xx.com,Male,239.182.219.189,3573030625927601,Brazil,,239100.65,,
2016-02-03T00:57:45Z,17,Emily,Andrews,eandrewsg@xx.edu,Female,29.231.180.172,30271790537626,Russia,4/13/1990,116800.65,Food Chemist,
2016-02-03T16:44:24Z,18,Stephen,Wallace,swallaceh@xx.com,Male,152.49.213.62,5433943468526428,Ukraine,1/15/1978,248877.99,Account Representative I,
2016-02-03T11:45:54Z,19,Clarence,Lawson,clawsoni@xx.ru,Male,107.175.15.152,3544052814080964,Russia,,177122.99,,
2016-02-03T10:30:36Z,20,Rebecca,Bell,rbellj@xx.com,Female,172.215.104.127,,China,,137251.19,,
2016-02-03T13:17:24Z,21,Diane,Stevens,dstevensk@xx.com,Female,141.243.73.164,,Russia,6/5/1985,87978.22,Food Chemist,œ∑´®†¥¨ˆøπ“‘
2016-02-03T18:18:25Z,22,Lawrence,Ramos,lramosl@xx.net,Male,46.72.4.6,3537473810855655,Tanzania,,131283.64,,
2016-02-03T18:50:55Z,23,Gregory,Barnes,gbarnesm@xx.ru,Male,220.22.114.145,3538432455620641,Tunisia,1/23/1971,182233.49,Senior Sales Associate,사회과학원 어학연구소
2016-02-03T04:05:40Z,24,Michelle,Ellis,mellisn@xx.co.uk,Female,239.81.215.135,3547383558025965,Tanzania,6/5/1964,278001.46,Tax Accountant,
2016-02-03T16:52:27Z,25,Rachel,Perkins,rperkinso@xx.com,Female,90.173.28.95,633313663891003209,Russia,,176178.75,,
2016-02-03T08:02:34Z,26,Anthony,Lawrence,alawrencep@xx.gov.cn,Male,121.211.242.99,564182969714151470,Japan,12/10/1979,170085.81,Electrical Engineer,
2016-02-03T08:41:26Z,27,Henry,Henry,hhenryq@xx.com,Male,191.88.236.116,4905730021217853521,China,9/22/1995,284300.15,Nuclear Power Engineer,
2016-02-03T17:09:12Z,28,Samuel,Hunter,shunterr@xx.com,Male,72.190.230.173,5002353797389897,Brazil,9/21/1968,108950.24,Environmental Tech,
2016-02-03T03:16:14Z,29,Jacqueline,Holmes,jholmess@xx.tv,Female,47.141.224.95,3555934842115316,United States,,247939.52,,̗̺͖̹̯͓Ṯ̤͍̥͇͈h̲́e͏͓̼̗̙̼̣͔ ͇̜̱̠͓͍ͅN͕͠e̗̱z̘̝̜̺͙p̤̺̹͍̯͚e̠̻̠͜r̨̤͍̺̖͔̖̖d̠̟̭̬̝͟i̦͖̩͓͔̤a̠̗̬͉̙n͚͜ ̻̞̰͚ͅh̵͉i̳̞v̢͇ḙ͎͟-҉̭̩̼͔m̤̭̫i͕͇̝̦n̗͙ḍ̟ ̯̲͕͞ǫ̟̯̰̲͙̻̝f ̪̰̰̗̖̭̘͘c̦͍̲̞͍̩̙ḥ͚a̮͎̟̙͜ơ̩̹͎s̤.̝̝ ҉Z̡̖̜͖̰̣͉̜a͖̰͙̬͡l̲̫̳͍̩g̡̟̼̱͚̞̬ͅo̗͜.̟